{
  "epoch": 0,
  "global_step": 3,
  "train_loss": 4.740828037261963,
  "val_loss": 4.851516246795654
}